shipperId,originSiteID,destinationSiteID,pickupWindowStart,pickupWindowEnd,deliveryWindowStart,deliveryWindowEnd,weightKg,volumeM3,pieces,commodity,specialHandlingFlags,
1,1,2,2026-04-15T09:00:00,2026-04-15T13:00:00,2026-04-16T08:00:00,2026-04-16T17:00:00,750,3.2,20,Electronics,FRAGILE,
1,3,4,2026-04-16T10:00:00,2026-04-16T14:00:00,2026-04-17T09:00:00,2026-04-17T18:00:00,1200,5,50,Automotive Parts,HEAVY,
2,2,5,2026-04-17T08:00:00,2026-04-17T12:00:00,2026-04-18T10:00:00,2026-04-18T16:00:00,300,1.5,15,Pharmaceuticals,TEMP_CONTROLLED,
2,6,7,2026-04-18T11:00:00,2026-04-18T15:00:00,2026-04-19T09:00:00,2026-04-19T17:00:00,600,2.8,30,Textiles,,
1,8,1,2026-04-19T07:00:00,2026-04-19T11:00:00,2026-04-20T08:00:00,2026-04-20T14:00:00,2000,8,100,Industrial Machinery,HEAVY,OVERSIZED
2,4,6,2026-04-20T09:00:00,2026-04-20T13:00:00,2026-04-21T10:00:00,2026-04-21T18:00:00,450,2,25,Food Products,PERISHABLE,
1,5,3,2026-04-21T10:00:00,2026-04-21T14:00:00,2026-04-22T09:00:00,2026-04-22T17:00:00,900,4,40,Chemical Supplies,HAZMAT,
2,7,8,2026-04-22T08:00:00,2026-04-22T12:00:00,2026-04-23T08:00:00,2026-04-23T16:00:00,150,0.8,8,Medical Equipment,FRAGILE,
1,2,3,2026-04-22T08:00:00,2026-04-22T12:00:00,2026-04-23T08:00:00,2026-04-23T16:00:00,200,3,3,Electronics,HEAVY,
